{
  "5": {
    "hit_rate": 0.4352078239608802,
    "mrr": 0.3071719641401795,
    "total_queries": 2045,
    "successful_queries": 890
  },
  "10": {
    "hit_rate": 0.5290953545232274,
    "mrr": 0.319692824154927,
    "total_queries": 2045,
    "successful_queries": 1082
  }
}