{
  "vector": {
    "3": {
      "hit_rate": 0.5124694376528117,
      "mrr": 0.4268133659331709,
      "total_queries": 2045,
      "successful_queries": 1048
    },
    "5": {
      "hit_rate": 0.5687041564792176,
      "mrr": 0.43957620211899034,
      "total_queries": 2045,
      "successful_queries": 1163
    },
    "10": {
      "hit_rate": 0.6518337408312959,
      "mrr": 0.45073873559203687,
      "total_queries": 2045,
      "successful_queries": 1333
    }
  },
  "keyword": {
    "3": {
      "hit_rate": 0.30709046454767724,
      "mrr": 0.29527302363488195,
      "total_queries": 2045,
      "successful_queries": 628
    },
    "5": {
      "hit_rate": 0.3124694376528117,
      "mrr": 0.29654441727791375,
      "total_queries": 2045,
      "successful_queries": 639
    },
    "10": {
      "hit_rate": 0.32224938875305625,
      "mrr": 0.29779291341638536,
      "total_queries": 2045,
      "successful_queries": 659
    }
  },
  "hybrid_alpha_0.3": {
    "3": {
      "hit_rate": 0.49339853300733494,
      "mrr": 0.38475957620211987,
      "total_queries": 2045,
      "successful_queries": 1009
    },
    "5": {
      "hit_rate": 0.574083129584352,
      "mrr": 0.4053871230643861,
      "total_queries": 2045,
      "successful_queries": 1174
    },
    "10": {
      "hit_rate": 0.4513447432762836,
      "mrr": 0.3513517289556412,
      "total_queries": 2045,
      "successful_queries": 923
    }
  },
  "hybrid_alpha_0.5": {
    "3": {
      "hit_rate": 0.48948655256723717,
      "mrr": 0.3653626731866346,
      "total_queries": 2045,
      "successful_queries": 1001
    },
    "5": {
      "hit_rate": 0.5701711491442543,
      "mrr": 0.39101059494702645,
      "total_queries": 2045,
      "successful_queries": 1166
    },
    "10": {
      "hit_rate": 0.4469437652811736,
      "mrr": 0.34268890441262106,
      "total_queries": 2045,
      "successful_queries": 914
    }
  },
  "hybrid_alpha_0.7": {
    "3": {
      "hit_rate": 0.4176039119804401,
      "mrr": 0.31548492257538735,
      "total_queries": 2045,
      "successful_queries": 854
    },
    "5": {
      "hit_rate": 0.5119804400977995,
      "mrr": 0.35009779951100317,
      "total_queries": 2045,
      "successful_queries": 1047
    },
    "10": {
      "hit_rate": 0.40293398533007335,
      "mrr": 0.3113814180929098,
      "total_queries": 2045,
      "successful_queries": 824
    }
  }
}